"Name","URL","Branches","Language"
"ms","https://api.github.com/repos/vercel/ms","7","TypeScript"
"micro","https://api.github.com/repos/vercel/micro","1","TypeScript"
"test-listen","https://api.github.com/repos/vercel/test-listen","10","JavaScript"
"async-retry","https://api.github.com/repos/vercel/async-retry","7","JavaScript"
"uid-promise","https://api.github.com/repos/vercel/uid-promise","1","TypeScript"
"react-keyframes","https://api.github.com/repos/vercel/react-keyframes","10","TypeScript"
"serve","https://api.github.com/repos/vercel/serve","5","TypeScript"
"email-prompt","https://api.github.com/repos/vercel/email-prompt","2","JavaScript"
"hyper","https://api.github.com/repos/vercel/hyper","10","TypeScript"
"hyperpower","https://api.github.com/repos/vercel/hyperpower","2","JavaScript"